Mês/Ano;UF;Município;Zona;Quantidade;%
Agosto - 2013;SP;ADAMANTINA;157;27.389;0,087
Agosto - 2013;SP;ADOLFO;64;3.490;0,011
Agosto - 2013;SP;AGUAÍ;334;24.062;0,077
Agosto - 2013;SP;ÁGUAS DA PRATA;122;6.364;0,020
Agosto - 2013;SP;ÁGUAS DE LINDÓIA;134;13.545;0,043
Agosto - 2013;SP;ÁGUAS DE SANTA BÁRBARA;205;4.987;0,016
Agosto - 2013;SP;ÁGUAS DE SÃO PEDRO;130;4.115;0,013
Agosto - 2013;SP;AGUDOS;7;28.135;0,090
Agosto - 2013;SP;ALAMBARI;52;4.001;0,013
Agosto - 2013;SP;ALFREDO MARCONDES;182;3.565;0,011
Agosto - 2013;SP;ALTAIR;80;3.124;0,010
Agosto - 2013;SP;ALTINÓPOLIS;202;13.038;0,042
Agosto - 2013;SP;ALTO ALEGRE;289;3.759;0,012
Agosto - 2013;SP;ALUMÍNIO;131;14.246;0,045
Agosto - 2013;SP;ÁLVARES FLORENCE;147;3.785;0,012
Agosto - 2013;SP;ÁLVARES MACHADO;182;17.376;0,055
Agosto - 2013;SP;ÁLVARO DE CARVALHO;47;3.136;0,010
Agosto - 2013;SP;ALVINLÂNDIA;47;2.685;0,009
Agosto - 2013;SP;AMERICANA;158;80.073;0,255
Agosto - 2013;SP;AMERICANA;384;88.532;0,282
Agosto - 2013;SP;AMÉRICO BRASILIENSE;239;26.301;0,084
Agosto - 2013;SP;AMÉRICO DE CAMPOS;138;4.646;0,015
Agosto - 2013;SP;AMPARO;8;51.616;0,165
Agosto - 2013;SP;ANALÂNDIA;245;5.204;0,017
Agosto - 2013;SP;ANDRADINA;9;43.435;0,138
Agosto - 2013;SP;ANGATUBA;215;17.120;0,055
Agosto - 2013;SP;ANHEMBI;41;5.631;0,018
Agosto - 2013;SP;ANHUMAS;182;3.247;0,010
Agosto - 2013;SP;APARECIDA;190;28.693;0,091
Agosto - 2013;SP;APARECIDA D'OESTE;232;3.923;0,013
Agosto - 2013;SP;APIAÍ;10;20.461;0,065
Agosto - 2013;SP;ARAÇARIGUAMA;131;14.370;0,046
Agosto - 2013;SP;ARAÇATUBA;11;67.024;0,214
Agosto - 2013;SP;ARAÇATUBA;299;71.770;0,229
Agosto - 2013;SP;ARAÇOIABA DA SERRA;294;20.524;0,065
Agosto - 2013;SP;ARAMINA;50;4.412;0,014
Agosto - 2013;SP;ARANDU;301;5.249;0,017
Agosto - 2013;SP;ARAPEÍ;18;2.408;0,008
Agosto - 2013;SP;ARARAQUARA;13;69.132;0,220
Agosto - 2013;SP;ARARAQUARA;385;89.001;0,284
Agosto - 2013;SP;ARARAS;14;92.123;0,294
Agosto - 2013;SP;ARCO-ÍRIS;143;2.006;0,006
Agosto - 2013;SP;AREALVA;300;6.217;0,020
Agosto - 2013;SP;AREIAS;105;3.349;0,011
Agosto - 2013;SP;AREIÓPOLIS;129;8.551;0,027
Agosto - 2013;SP;ARIRANHA;111;7.181;0,023
Agosto - 2013;SP;ARTUR NOGUEIRA;75;30.917;0,099
Agosto - 2013;SP;ARUJÁ;335;60.359;0,192
Agosto - 2013;SP;ASPÁSIA;152;1.768;0,006
Agosto - 2013;SP;ASSIS;15;37.441;0,119
Agosto - 2013;SP;ASSIS;290;31.504;0,100
Agosto - 2013;SP;ATIBAIA;16;99.399;0,317
Agosto - 2013;SP;AURIFLAMA;225;11.289;0,036
Agosto - 2013;SP;AVAÍ;300;4.044;0,013
Agosto - 2013;SP;AVANHANDAVA;289;7.624;0,024
Agosto - 2013;SP;AVARÉ;17;61.912;0,197
Agosto - 2013;SP;BADY BASSITT;126;11.634;0,037
Agosto - 2013;SP;BALBINOS;95;1.466;0,005
Agosto - 2013;SP;BÁLSAMO;72;6.634;0,021
Agosto - 2013;SP;BANANAL;18;8.205;0,026
Agosto - 2013;SP;BARÃO DE ANTONINA;56;2.459;0,008
Agosto - 2013;SP;BARBOSA;289;5.438;0,017
Agosto - 2013;SP;BARIRI;19;23.878;0,076
Agosto - 2013;SP;BARRA BONITA;200;30.095;0,096
Agosto - 2013;SP;BARRA DO CHAPÉU;10;4.561;0,015
Agosto - 2013;SP;BARRA DO TURVO;228;7.176;0,023
Agosto - 2013;SP;BARRETOS;21;83.339;0,266
Agosto - 2013;SP;BARRINHA;135;21.496;0,069
Agosto - 2013;SP;BARUERI;199;118.544;0,378
Agosto - 2013;SP;BARUERI;386;100.792;0,321
Agosto - 2013;SP;BASTOS;184;17.083;0,054
Agosto - 2013;SP;BATATAIS;22;42.381;0,135
Agosto - 2013;SP;BAURU;23;101.065;0,322
Agosto - 2013;SP;BAURU;300;74.671;0,238
Agosto - 2013;SP;BAURU;387;75.750;0,241
Agosto - 2013;SP;BEBEDOURO;24;57.048;0,182
Agosto - 2013;SP;BENTO DE ABREU;146;2.266;0,007
Agosto - 2013;SP;BERNARDINO DE CAMPOS;114;8.451;0,027
Agosto - 2013;SP;BERTIOGA;272;38.011;0,121
Agosto - 2013;SP;BILAC;210;5.891;0,019
Agosto - 2013;SP;BIRIGUI;25;78.353;0,250
Agosto - 2013;SP;BIRITIBA MIRIM;319;21.961;0,070
Agosto - 2013;SP;BOA ESPERANÇA DO SUL;107;10.131;0,032
Agosto - 2013;SP;BOCAINA;241;8.643;0,028
Agosto - 2013;SP;BOFETE;41;7.772;0,025
Agosto - 2013;SP;BOITUVA;369;36.918;0,118
Agosto - 2013;SP;BOM JESUS DOS PERDÕES;16;14.701;0,047
Agosto - 2013;SP;BOM SUCESSO DE ITARARÉ;57;3.118;0,010
Agosto - 2013;SP;BORÁ;12;1.056;0,003
Agosto - 2013;SP;BORACÉIA;86;3.514;0,011
Agosto - 2013;SP;BORBOREMA;55;11.341;0,036
Agosto - 2013;SP;BOREBI;161;1.939;0,006
Agosto - 2013;SP;BOTUCATU;26;92.133;0,294
Agosto - 2013;SP;BRAGANÇA PAULISTA;27;115.009;0,367
Agosto - 2013;SP;BRAÚNA;289;4.127;0,013
Agosto - 2013;SP;BREJO ALEGRE;25;2.300;0,007
Agosto - 2013;SP;BRODOWSKI;22;15.430;0,049
Agosto - 2013;SP;BROTAS;28;17.520;0,056
Agosto - 2013;SP;BURI;53;14.603;0,047
Agosto - 2013;SP;BURITAMA;214;12.275;0,039
Agosto - 2013;SP;BURITIZAL;50;3.316;0,011
Agosto - 2013;SP;CABRÁLIA PAULISTA;97;3.926;0,013
Agosto - 2013;SP;CABREÚVA;59;31.494;0,100
Agosto - 2013;SP;CAÇAPAVA;29;66.955;0,213
Agosto - 2013;SP;CACHOEIRA PAULISTA;145;24.210;0,077
Agosto - 2013;SP;CACONDE;30;14.267;0,045
Agosto - 2013;SP;CAFELÂNDIA;31;13.241;0,042
Agosto - 2013;SP;CAIABU;167;3.645;0,012
Agosto - 2013;SP;CAIEIRAS;192;62.030;0,198
Agosto - 2013;SP;CAIUÁ;102;4.149;0,013
Agosto - 2013;SP;CAJAMAR;354;52.762;0,168
Agosto - 2013;SP;CAJATI;228;23.372;0,074
Agosto - 2013;SP;CAJOBI;80;8.014;0,026
Agosto - 2013;SP;CAJURU;32;18.291;0,058
Agosto - 2013;SP;CAMPINA DO MONTE ALEGRE;215;4.512;0,014
Agosto - 2013;SP;CAMPINAS;33;71.170;0,227
Agosto - 2013;SP;CAMPINAS;274;89.482;0,285
Agosto - 2013;SP;CAMPINAS;275;129.737;0,413
Agosto - 2013;SP;CAMPINAS;378;159.022;0,507
Agosto - 2013;SP;CAMPINAS;379;140.183;0,447
Agosto - 2013;SP;CAMPINAS;380;118.707;0,378
Agosto - 2013;SP;CAMPINAS;423;79.116;0,252
Agosto - 2013;SP;CAMPO LIMPO PAULISTA;344;58.505;0,186
Agosto - 2013;SP;CAMPOS DO JORDÃO;35;37.956;0,121
Agosto - 2013;SP;CAMPOS NOVOS PAULISTA;83;3.683;0,012
Agosto - 2013;SP;CANANÉIA;36;10.157;0,032
Agosto - 2013;SP;CANAS;68;3.655;0,012
Agosto - 2013;SP;CÂNDIDO MOTA;226;24.454;0,078
Agosto - 2013;SP;CÂNDIDO RODRIGUES;139;2.565;0,008
Agosto - 2013;SP;CANITAR;313;3.637;0,012
Agosto - 2013;SP;CAPÃO BONITO;37;36.312;0,116
Agosto - 2013;SP;CAPELA DO ALTO;140;12.570;0,040
Agosto - 2013;SP;CAPIVARI;38;34.673;0,111
Agosto - 2013;SP;CARAGUATATUBA;206;74.434;0,237
Agosto - 2013;SP;CARAPICUÍBA;303;101.219;0,323
Agosto - 2013;SP;CARAPICUÍBA;388;172.031;0,548
Agosto - 2013;SP;CARDOSO;224;10.047;0,032
Agosto - 2013;SP;CASA BRANCA;39;20.855;0,066
Agosto - 2013;SP;CÁSSIA DOS COQUEIROS;32;2.780;0,009
Agosto - 2013;SP;CASTILHO;9;13.794;0,044
Agosto - 2013;SP;CATANDUVA;40;84.105;0,268
Agosto - 2013;SP;CATIGUÁ;179;5.787;0,018
Agosto - 2013;SP;CEDRAL;126;6.515;0,021
Agosto - 2013;SP;CERQUEIRA CÉSAR;205;13.764;0,044
Agosto - 2013;SP;CERQUILHO;355;30.050;0,096
Agosto - 2013;SP;CESÁRIO LANGE;140;11.558;0,037
Agosto - 2013;SP;CHARQUEADA;244;12.381;0,039
Agosto - 2013;SP;CHAVANTES;313;9.638;0,031
Agosto - 2013;SP;CLEMENTINA;25;5.211;0,017
Agosto - 2013;SP;COLINA;178;14.344;0,046
Agosto - 2013;SP;COLÔMBIA;21;5.570;0,018
Agosto - 2013;SP;CONCHAL;75;19.914;0,063
Agosto - 2013;SP;CONCHAS;41;13.633;0,043
Agosto - 2013;SP;CORDEIRÓPOLIS;243;17.060;0,054
Agosto - 2013;SP;COROADOS;25;4.102;0,013
Agosto - 2013;SP;CORONEL MACEDO;236;4.342;0,014
Agosto - 2013;SP;CORUMBATAÍ;245;3.452;0,011
Agosto - 2013;SP;COSMÓPOLIS;360;43.581;0,139
Agosto - 2013;SP;COSMORAMA;138;6.012;0,019
Agosto - 2013;SP;COTIA;227;98.756;0,315
Agosto - 2013;SP;COTIA;286;45.033;0,144
Agosto - 2013;SP;CRAVINHOS;193;24.324;0,078
Agosto - 2013;SP;CRISTAIS PAULISTA;240;6.824;0,022
Agosto - 2013;SP;CRUZÁLIA;363;2.216;0,007
Agosto - 2013;SP;CRUZEIRO;42;58.273;0,186
Agosto - 2013;SP;CUBATÃO;119;94.713;0,302
Agosto - 2013;SP;CUNHA;43;19.366;0,062
Agosto - 2013;SP;DESCALVADO;44;25.031;0,080
Agosto - 2013;SP;DIADEMA;222;82.602;0,263
Agosto - 2013;SP;DIADEMA;329;157.448;0,502
Agosto - 2013;SP;DIADEMA;426;79.874;0,255
Agosto - 2013;SP;DIRCE REIS;152;1.600;0,005
Agosto - 2013;SP;DIVINOLÂNDIA;366;10.121;0,032
Agosto - 2013;SP;DOBRADA;170;5.458;0,017
Agosto - 2013;SP;DOIS CÓRREGOS;45;18.765;0,060
Agosto - 2013;SP;DOLCINÓPOLIS;233;2.226;0,007
Agosto - 2013;SP;DOURADO;107;7.404;0,024
Agosto - 2013;SP;DRACENA;149;32.658;0,104
Agosto - 2013;SP;DUARTINA;159;9.865;0,031
Agosto - 2013;SP;DUMONT;109;6.362;0,020
Agosto - 2013;SP;ECHAPORÃ;290;5.293;0,017
Agosto - 2013;SP;ELDORADO;148;11.718;0,037
Agosto - 2013;SP;ELIAS FAUSTO;358;13.044;0,042
Agosto - 2013;SP;ELISIÁRIO;40;2.681;0,009
Agosto - 2013;SP;EMBAÚBA;80;2.429;0,008
Agosto - 2013;SP;EMBU DAS ARTES;341;91.652;0,292
Agosto - 2013;SP;EMBU DAS ARTES;391;87.315;0,278
Agosto - 2013;SP;EMBU-GUAÇU;370;49.721;0,158
Agosto - 2013;SP;EMILIANÓPOLIS;165;2.594;0,008
Agosto - 2013;SP;ENGENHEIRO COELHO;75;12.075;0,038
Agosto - 2013;SP;ESPÍRITO SANTO DO PINHAL;91;33.508;0,107
Agosto - 2013;SP;ESPÍRITO SANTO DO TURVO;114;3.444;0,011
Agosto - 2013;SP;ESTIVA GERBI;216;8.052;0,026
Agosto - 2013;SP;ESTRELA DO NORTE;261;2.581;0,008
Agosto - 2013;SP;ESTRELA D'OESTE;233;6.828;0,022
Agosto - 2013;SP;EUCLIDES DA CUNHA PAULISTA;330;7.795;0,025
Agosto - 2013;SP;FARTURA;234;12.638;0,040
Agosto - 2013;SP;FERNANDO PRESTES;139;4.832;0,015
Agosto - 2013;SP;FERNANDÓPOLIS;150;49.983;0,159
Agosto - 2013;SP;FERNÃO;47;1.569;0,005
Agosto - 2013;SP;FERRAZ DE VASCONCELOS;401;117.319;0,374
Agosto - 2013;SP;FLORA RICA;154;1.843;0,006
Agosto - 2013;SP;FLOREAL;162;2.643;0,008
Agosto - 2013;SP;FLÓRIDA PAULISTA;157;8.282;0,026
Agosto - 2013;SP;FLORÍNEA;15;2.695;0,009
Agosto - 2013;SP;FRANCA;46;112.678;0,359
Agosto - 2013;SP;FRANCA;291;110.990;0,354
Agosto - 2013;SP;FRANCISCO MORATO;367;108.850;0,347
Agosto - 2013;SP;FRANCO DA ROCHA;192;93.115;0,297
Agosto - 2013;SP;GABRIEL MONTEIRO;210;2.576;0,008
Agosto - 2013;SP;GÁLIA;47;5.541;0,018
Agosto - 2013;SP;GARÇA;47;34.292;0,109
Agosto - 2013;SP;GASTÃO VIDIGAL;162;3.423;0,011
Agosto - 2013;SP;GAVIÃO PEIXOTO;385;3.729;0,012
Agosto - 2013;SP;GENERAL SALGADO;168;8.479;0,027
Agosto - 2013;SP;GETULINA;160;8.382;0,027
Agosto - 2013;SP;GLICÉRIO;289;4.085;0,013
Agosto - 2013;SP;GUAIÇARA;67;8.210;0,026
Agosto - 2013;SP;GUAIMBÉ;160;4.567;0,015
Agosto - 2013;SP;GUAÍRA;169;29.188;0,093
Agosto - 2013;SP;GUAPIAÇU;126;14.276;0,045
Agosto - 2013;SP;GUAPIARA;37;15.723;0,050
Agosto - 2013;SP;GUARÁ;338;15.261;0,049
Agosto - 2013;SP;GUARAÇAÍ;153;6.986;0,022
Agosto - 2013;SP;GUARACI;80;8.539;0,027
Agosto - 2013;SP;GUARANI D'OESTE;302;1.675;0,005
Agosto - 2013;SP;GUARANTÃ;31;5.619;0,018
Agosto - 2013;SP;GUARARAPES;151;24.446;0,078
Agosto - 2013;SP;GUARAREMA;319;21.898;0,070
Agosto - 2013;SP;GUARATINGUETÁ;48;36.213;0,115
Agosto - 2013;SP;GUARATINGUETÁ;316;51.426;0,164
Agosto - 2013;SP;GUAREÍ;140;8.869;0,028
Agosto - 2013;SP;GUARIBA;197;27.993;0,089
Agosto - 2013;SP;GUARUJÁ;212;115.713;0,369
Agosto - 2013;SP;GUARUJÁ;310;102.453;0,327
Agosto - 2013;SP;GUARULHOS;176;148.776;0,474
Agosto - 2013;SP;GUARULHOS;185;115.479;0,368
Agosto - 2013;SP;GUARULHOS;278;85.339;0,272
Agosto - 2013;SP;GUARULHOS;279;123.453;0,393
Agosto - 2013;SP;GUARULHOS;393;119.455;0,381
Agosto - 2013;SP;GUARULHOS;394;161.827;0,516
Agosto - 2013;SP;GUARULHOS;395;83.139;0,265
Agosto - 2013;SP;GUATAPARÁ;293;5.210;0,017
Agosto - 2013;SP;GUZOLÂNDIA;225;3.762;0,012
Agosto - 2013;SP;HERCULÂNDIA;184;6.799;0,022
Agosto - 2013;SP;HOLAMBRA;75;9.930;0,032
Agosto - 2013;SP;HORTOLÂNDIA;361;134.635;0,429
Agosto - 2013;SP;IACANGA;49;7.210;0,023
Agosto - 2013;SP;IACRI;184;5.323;0,017
Agosto - 2013;SP;IARAS;205;3.866;0,012
Agosto - 2013;SP;IBATÉ;410;24.117;0,077
Agosto - 2013;SP;IBIRÁ;179;8.106;0,026
Agosto - 2013;SP;IBIRAREMA;83;4.876;0,016
Agosto - 2013;SP;IBITINGA;49;41.288;0,132
Agosto - 2013;SP;IBIÚNA;191;57.038;0,182
Agosto - 2013;SP;ICÉM;78;6.739;0,021
Agosto - 2013;SP;IEPÊ;106;5.949;0,019
Agosto - 2013;SP;IGARAÇU DO TIETÊ;200;18.453;0,059
Agosto - 2013;SP;IGARAPAVA;50;21.848;0,070
Agosto - 2013;SP;IGARATÁ;115;7.606;0,024
Agosto - 2013;SP;IGUAPE;51;22.731;0,072
Agosto - 2013;SP;ILHA COMPRIDA;51;7.978;0,025
Agosto - 2013;SP;ILHA SOLTEIRA;368;21.293;0,068
Agosto - 2013;SP;ILHABELA;132;21.532;0,069
Agosto - 2013;SP;INDAIATUBA;211;143.471;0,457
Agosto - 2013;SP;INDIANA;71;4.517;0,014
Agosto - 2013;SP;INDIAPORÃ;302;3.352;0,011
Agosto - 2013;SP;INÚBIA PAULISTA;69;3.051;0,010
Agosto - 2013;SP;IPAUSSU;114;10.498;0,033
Agosto - 2013;SP;IPERÓ;369;17.599;0,056
Agosto - 2013;SP;IPEÚNA;245;5.381;0,017
Agosto - 2013;SP;IPIGUÁ;268;3.613;0,012
Agosto - 2013;SP;IPORANGA;10;3.520;0,011
Agosto - 2013;SP;IPUÃ;123;10.738;0,034
Agosto - 2013;SP;IRACEMÁPOLIS;243;15.685;0,050
Agosto - 2013;SP;IRAPUÃ;207;5.700;0,018
Agosto - 2013;SP;IRAPURU;154;5.449;0,017
Agosto - 2013;SP;ITABERÁ;53;13.866;0,044
Agosto - 2013;SP;ITAÍ;301;16.765;0,053
Agosto - 2013;SP;ITAJOBI;79;12.351;0,039
Agosto - 2013;SP;ITAJU;19;3.154;0,010
Agosto - 2013;SP;ITANHAÉM;189;69.895;0,223
Agosto - 2013;SP;ITAOCA;10;2.928;0,009
Agosto - 2013;SP;ITAPECERICA DA SERRA;201;108.011;0,344
Agosto - 2013;SP;ITAPETININGA;52;102.515;0,327
Agosto - 2013;SP;ITAPEVA;53;66.946;0,213
Agosto - 2013;SP;ITAPEVI;359;139.261;0,444
Agosto - 2013;SP;ITAPIRA;54;54.425;0,173
Agosto - 2013;SP;ITAPIRAPUÃ PAULISTA;10;3.141;0,010
Agosto - 2013;SP;ITÁPOLIS;55;30.831;0,098
Agosto - 2013;SP;ITAPORANGA;56;11.165;0,036
Agosto - 2013;SP;ITAPUÍ;241;8.687;0,028
Agosto - 2013;SP;ITAPURA;88;3.752;0,012
Agosto - 2013;SP;ITAQUAQUECETUBA;377;105.473;0,336
Agosto - 2013;SP;ITAQUAQUECETUBA;419;102.248;0,326
Agosto - 2013;SP;ITARARÉ;57;37.194;0,119
Agosto - 2013;SP;ITARIRI;295;9.575;0,031
Agosto - 2013;SP;ITATIBA;58;73.144;0,233
Agosto - 2013;SP;ITATINGA;26;13.704;0,044
Agosto - 2013;SP;ITIRAPINA;245;9.790;0,031
Agosto - 2013;SP;ITIRAPUÃ;85;5.003;0,016
Agosto - 2013;SP;ITOBI;39;6.377;0,020
Agosto - 2013;SP;ITU;59;118.223;0,377
Agosto - 2013;SP;ITUPEVA;65;33.501;0,107
Agosto - 2013;SP;ITUVERAVA;60;29.974;0,096
Agosto - 2013;SP;JABORANDI;178;4.955;0,016
Agosto - 2013;SP;JABOTICABAL;61;52.356;0,167
Agosto - 2013;SP;JACAREÍ;62;79.021;0,252
Agosto - 2013;SP;JACAREÍ;396;77.545;0,247
Agosto - 2013;SP;JACI;72;4.997;0,016
Agosto - 2013;SP;JACUPIRANGA;228;13.430;0,043
Agosto - 2013;SP;JAGUARIÚNA;333;34.936;0,111
Agosto - 2013;SP;JALES;152;37.297;0,119
Agosto - 2013;SP;JAMBEIRO;29;4.323;0,014
Agosto - 2013;SP;JANDIRA;304;75.109;0,239
Agosto - 2013;SP;JARDINÓPOLIS;204;26.447;0,084
Agosto - 2013;SP;JARINU;16;18.447;0,059
Agosto - 2013;SP;JAÚ;63;95.747;0,305
Agosto - 2013;SP;JERIQUARA;155;3.270;0,010
Agosto - 2013;SP;JOANÓPOLIS;92;9.169;0,029
Agosto - 2013;SP;JOÃO RAMALHO;104;3.766;0,012
Agosto - 2013;SP;JOSÉ BONIFÁCIO;64;24.893;0,079
Agosto - 2013;SP;JÚLIO MESQUITA;31;3.653;0,012
Agosto - 2013;SP;JUMIRIM;142;2.325;0,007
Agosto - 2013;SP;JUNDIAÍ;65;65.860;0,210
Agosto - 2013;SP;JUNDIAÍ;281;129.154;0,412
Agosto - 2013;SP;JUNDIAÍ;424;70.225;0,224
Agosto - 2013;SP;JUNQUEIRÓPOLIS;196;13.164;0,042
Agosto - 2013;SP;JUQUIÁ;223;17.074;0,054
Agosto - 2013;SP;JUQUITIBA;201;22.214;0,071
Agosto - 2013;SP;LAGOINHA;128;5.156;0,016
Agosto - 2013;SP;LARANJAL PAULISTA;209;20.091;0,064
Agosto - 2013;SP;LAVÍNIA;153;4.206;0,013
Agosto - 2013;SP;LAVRINHAS;42;5.758;0,018
Agosto - 2013;SP;LEME;188;68.922;0,220
Agosto - 2013;SP;LENÇÓIS PAULISTA;161;45.595;0,145
Agosto - 2013;SP;LIMEIRA;66;113.928;0,363
Agosto - 2013;SP;LIMEIRA;399;88.795;0,283
Agosto - 2013;SP;LINDÓIA;134;5.271;0,017
Agosto - 2013;SP;LINS;67;20.877;0,067
Agosto - 2013;SP;LINS;297;33.690;0,107
Agosto - 2013;SP;LORENA;68;63.146;0,201
Agosto - 2013;SP;LOURDES;214;2.035;0,006
Agosto - 2013;SP;LOUVEIRA;345;30.238;0,096
Agosto - 2013;SP;LUCÉLIA;69;14.838;0,047
Agosto - 2013;SP;LUCIANÓPOLIS;159;1.934;0,006
Agosto - 2013;SP;LUÍS ANTÔNIO;133;8.628;0,027
Agosto - 2013;SP;LUIZIÂNIA;289;4.161;0,013
Agosto - 2013;SP;LUPÉRCIO;47;3.724;0,012
Agosto - 2013;SP;LUTÉCIA;12;2.518;0,008
Agosto - 2013;SP;MACATUBA;86;13.183;0,042
Agosto - 2013;SP;MACAUBAL;77;6.018;0,019
Agosto - 2013;SP;MACEDÔNIA;302;3.259;0,010
Agosto - 2013;SP;MAGDA;162;2.942;0,009
Agosto - 2013;SP;MAIRINQUE;131;35.533;0,113
Agosto - 2013;SP;MAIRIPORÃ;237;55.798;0,178
Agosto - 2013;SP;MANDURI;94;7.179;0,023
Agosto - 2013;SP;MARABÁ PAULISTA;102;3.615;0,012
Agosto - 2013;SP;MARACAÍ;363;10.729;0,034
Agosto - 2013;SP;MARAPOAMA;79;2.560;0,008
Agosto - 2013;SP;MARIÁPOLIS;157;3.256;0,010
Agosto - 2013;SP;MARÍLIA;70;77.104;0,246
Agosto - 2013;SP;MARÍLIA;400;86.370;0,275
Agosto - 2013;SP;MARINÓPOLIS;232;1.941;0,006
Agosto - 2013;SP;MARTINÓPOLIS;71;18.601;0,059
Agosto - 2013;SP;MATÃO;170;61.233;0,195
Agosto - 2013;SP;MAUÁ;217;49.763;0,159
Agosto - 2013;SP;MAUÁ;339;68.452;0,218
Agosto - 2013;SP;MAUÁ;364;68.602;0,219
Agosto - 2013;SP;MAUÁ;365;107.630;0,343
Agosto - 2013;SP;MENDONÇA;64;4.297;0,014
Agosto - 2013;SP;MERIDIANO;302;3.633;0,012
Agosto - 2013;SP;MESÓPOLIS;152;1.718;0,005
Agosto - 2013;SP;MIGUELÓPOLIS;208;17.031;0,054
Agosto - 2013;SP;MINEIROS DO TIETÊ;241;9.159;0,029
Agosto - 2013;SP;MIRA ESTRELA;224;2.556;0,008
Agosto - 2013;SP;MIRACATU;218;16.954;0,054
Agosto - 2013;SP;MIRANDÓPOLIS;153;20.518;0,065
Agosto - 2013;SP;MIRANTE DO PARANAPANEMA;238;14.399;0,046
Agosto - 2013;SP;MIRASSOL;72;39.956;0,127
Agosto - 2013;SP;MIRASSOLÂNDIA;72;3.538;0,011
Agosto - 2013;SP;MOCOCA;73;53.376;0,170
Agosto - 2013;SP;MOGI DAS CRUZES;74;95.517;0,304
Agosto - 2013;SP;MOGI DAS CRUZES;287;129.758;0,414
Agosto - 2013;SP;MOGI DAS CRUZES;319;56.606;0,180
Agosto - 2013;SP;MOGI GUAÇU;216;106.721;0,340
Agosto - 2013;SP;MOGI MIRIM;75;65.670;0,209
Agosto - 2013;SP;MOMBUCA;38;2.987;0,010
Agosto - 2013;SP;MONÇÕES;162;1.927;0,006
Agosto - 2013;SP;MONGAGUÁ;189;40.317;0,128
Agosto - 2013;SP;MONTE ALEGRE DO SUL;8;5.634;0,018
Agosto - 2013;SP;MONTE ALTO;76;36.545;0,116
Agosto - 2013;SP;MONTE APRAZÍVEL;77;15.790;0,050
Agosto - 2013;SP;MONTE AZUL PAULISTA;171;15.441;0,049
Agosto - 2013;SP;MONTE CASTELO;175;3.298;0,011
Agosto - 2013;SP;MONTE MOR;358;37.271;0,119
Agosto - 2013;SP;MONTEIRO LOBATO;282;3.529;0,011
Agosto - 2013;SP;MORRO AGUDO;336;20.154;0,064
Agosto - 2013;SP;MORUNGABA;58;9.577;0,031
Agosto - 2013;SP;MOTUCA;385;3.689;0,012
Agosto - 2013;SP;MURUTINGA DO SUL;9;3.475;0,011
Agosto - 2013;SP;NANTES;106;2.314;0,007
Agosto - 2013;SP;NARANDIBA;261;3.948;0,013
Agosto - 2013;SP;NATIVIDADE DA SERRA;84;6.704;0,021
Agosto - 2013;SP;NAZARÉ PAULISTA;16;13.425;0,043
Agosto - 2013;SP;NEVES PAULISTA;72;7.494;0,024
Agosto - 2013;SP;NHANDEARA;162;8.009;0,026
Agosto - 2013;SP;NIPOÃ;77;3.710;0,012
Agosto - 2013;SP;NOVA ALIANÇA;126;5.151;0,016
Agosto - 2013;SP;NOVA CAMPINA;53;6.811;0,022
Agosto - 2013;SP;NOVA CANAÃ PAULISTA;187;2.042;0,007
Agosto - 2013;SP;NOVA CASTILHO;168;1.295;0,004
Agosto - 2013;SP;NOVA EUROPA;239;7.883;0,025
Agosto - 2013;SP;NOVA GRANADA;78;15.101;0,048
Agosto - 2013;SP;NOVA GUATAPORANGA;175;1.885;0,006
Agosto - 2013;SP;NOVA INDEPENDÊNCIA;9;2.886;0,009
Agosto - 2013;SP;NOVA LUZITÂNIA;162;2.784;0,009
Agosto - 2013;SP;NOVA ODESSA;292;40.978;0,131
Agosto - 2013;SP;NOVAIS;179;3.416;0,011
Agosto - 2013;SP;NOVO HORIZONTE;79;28.062;0,089
Agosto - 2013;SP;NUPORANGA;235;5.346;0,017
Agosto - 2013;SP;OCAUÇU;180;3.446;0,011
Agosto - 2013;SP;ÓLEO;94;2.739;0,009
Agosto - 2013;SP;OLÍMPIA;80;38.940;0,124
Agosto - 2013;SP;ONDA VERDE;78;3.465;0,011
Agosto - 2013;SP;ORIENTE;180;5.057;0,016
Agosto - 2013;SP;ORINDIÚVA;164;4.646;0,015
Agosto - 2013;SP;ORLÂNDIA;81;30.412;0,097
Agosto - 2013;SP;OSASCO;213;26.844;0,086
Agosto - 2013;SP;OSASCO;276;90.345;0,288
Agosto - 2013;SP;OSASCO;277;82.532;0,263
Agosto - 2013;SP;OSASCO;285;49.515;0,158
Agosto - 2013;SP;OSASCO;315;114.728;0,366
Agosto - 2013;SP;OSASCO;331;114.320;0,364
Agosto - 2013;SP;OSASCO;332;67.939;0,217
Agosto - 2013;SP;OSCAR BRESSANE;12;2.654;0,008
Agosto - 2013;SP;OSVALDO CRUZ;163;24.230;0,077
Agosto - 2013;SP;OURINHOS;82;75.818;0,242
Agosto - 2013;SP;OURO VERDE;149;5.776;0,018
Agosto - 2013;SP;OUROESTE;302;7.282;0,023
Agosto - 2013;SP;PACAEMBU;154;8.935;0,028
Agosto - 2013;SP;PALESTINA;231;8.120;0,026
Agosto - 2013;SP;PALMARES PAULISTA;111;7.038;0,022
Agosto - 2013;SP;PALMEIRA D'OESTE;232;7.806;0,025
Agosto - 2013;SP;PALMITAL;83;16.988;0,054
Agosto - 2013;SP;PANORAMA;175;10.599;0,034
Agosto - 2013;SP;PARAGUAÇU PAULISTA;12;31.592;0,101
Agosto - 2013;SP;PARAIBUNA;84;13.915;0,044
Agosto - 2013;SP;PARAÍSO;171;4.982;0,016
Agosto - 2013;SP;PARANAPANEMA;301;13.548;0,043
Agosto - 2013;SP;PARANAPUÃ;152;2.941;0,009
Agosto - 2013;SP;PARAPUÃ;163;8.623;0,027
Agosto - 2013;SP;PARDINHO;26;4.927;0,016
Agosto - 2013;SP;PARIQUERA-AÇU;228;14.988;0,048
Agosto - 2013;SP;PARISI;147;2.157;0,007
Agosto - 2013;SP;PATROCÍNIO PAULISTA;85;10.199;0,033
Agosto - 2013;SP;PAULICÉIA;175;5.315;0,017
Agosto - 2013;SP;PAULÍNIA;323;61.979;0,198
Agosto - 2013;SP;PAULISTÂNIA;7;1.616;0,005
Agosto - 2013;SP;PAULO DE FARIA;164;6.705;0,021
Agosto - 2013;SP;PEDERNEIRAS;86;31.341;0,100
Agosto - 2013;SP;PEDRA BELA;298;4.869;0,016
Agosto - 2013;SP;PEDRANÓPOLIS;302;2.187;0,007
Agosto - 2013;SP;PEDREGULHO;155;13.667;0,044
Agosto - 2013;SP;PEDREIRA;333;32.023;0,102
Agosto - 2013;SP;PEDRINHAS PAULISTA;363;2.799;0,009
Agosto - 2013;SP;PEDRO DE TOLEDO;295;8.053;0,026
Agosto - 2013;SP;PENÁPOLIS;87;45.001;0,143
Agosto - 2013;SP;PEREIRA BARRETO;88;20.149;0,064
Agosto - 2013;SP;PEREIRAS;41;6.720;0,021
Agosto - 2013;SP;PERUÍBE;295;51.919;0,165
Agosto - 2013;SP;PIACATU;210;4.423;0,014
Agosto - 2013;SP;PIEDADE;89;39.456;0,126
Agosto - 2013;SP;PILAR DO SUL;89;20.674;0,066
Agosto - 2013;SP;PINDAMONHANGABA;90;106.220;0,339
Agosto - 2013;SP;PINDORAMA;179;11.299;0,036
Agosto - 2013;SP;PINHALZINHO;298;10.329;0,033
Agosto - 2013;SP;PIQUEROBI;117;3.072;0,010
Agosto - 2013;SP;PIQUETE;337;10.864;0,035
Agosto - 2013;SP;PIRACAIA;92;20.859;0,066
Agosto - 2013;SP;PIRACICABA;93;136.877;0,436
Agosto - 2013;SP;PIRACICABA;270;136.122;0,434
Agosto - 2013;SP;PIRAJU;94;22.749;0,073
Agosto - 2013;SP;PIRAJUÍ;95;15.622;0,050
Agosto - 2013;SP;PIRANGI;76;8.076;0,026
Agosto - 2013;SP;PIRAPORA DO BOM JESUS;386;10.752;0,034
Agosto - 2013;SP;PIRAPOZINHO;261;19.886;0,063
Agosto - 2013;SP;PIRASSUNUNGA;96;25.640;0,082
Agosto - 2013;SP;PIRASSUNUNGA;311;28.544;0,091
Agosto - 2013;SP;PIRATININGA;97;8.629;0,028
Agosto - 2013;SP;PITANGUEIRAS;98;25.937;0,083
Agosto - 2013;SP;PLANALTO;214;3.955;0,013
Agosto - 2013;SP;PLATINA;83;2.735;0,009
Agosto - 2013;SP;POÁ;219;89.576;0,285
Agosto - 2013;SP;POLONI;77;4.529;0,014
Agosto - 2013;SP;POMPÉIA;99;15.401;0,049
Agosto - 2013;SP;PONGAÍ;95;3.185;0,010
Agosto - 2013;SP;PONTAL;135;27.738;0,088
Agosto - 2013;SP;PONTALINDA;152;3.372;0,011
Agosto - 2013;SP;PONTES GESTAL;224;2.404;0,008
Agosto - 2013;SP;POPULINA;233;3.637;0,012
Agosto - 2013;SP;PORANGABA;140;6.640;0,021
Agosto - 2013;SP;PORTO FELIZ;100;37.824;0,121
Agosto - 2013;SP;PORTO FERREIRA;194;39.682;0,126
Agosto - 2013;SP;POTIM;190;11.450;0,036
Agosto - 2013;SP;POTIRENDABA;126;12.542;0,040
Agosto - 2013;SP;PRACINHA;69;1.501;0,005
Agosto - 2013;SP;PRADÓPOLIS;197;13.527;0,043
Agosto - 2013;SP;PRAIA GRANDE;317;92.475;0,295
Agosto - 2013;SP;PRAIA GRANDE;406;91.677;0,292
Agosto - 2013;SP;PRATÂNIA;129;4.251;0,014
Agosto - 2013;SP;PRESIDENTE ALVES;95;3.424;0,011
Agosto - 2013;SP;PRESIDENTE BERNARDES;165;11.128;0,035
Agosto - 2013;SP;PRESIDENTE EPITÁCIO;195;31.248;0,100
Agosto - 2013;SP;PRESIDENTE PRUDENTE;101;77.148;0,246
Agosto - 2013;SP;PRESIDENTE PRUDENTE;402;84.953;0,271
Agosto - 2013;SP;PRESIDENTE VENCESLAU;102;29.214;0,093
Agosto - 2013;SP;PROMISSÃO;103;27.420;0,087
Agosto - 2013;SP;QUADRA;140;2.899;0,009
Agosto - 2013;SP;QUATÁ;104;10.342;0,033
Agosto - 2013;SP;QUEIROZ;99;3.216;0,010
Agosto - 2013;SP;QUELUZ;105;7.784;0,025
Agosto - 2013;SP;QUINTANA;99;4.950;0,016
Agosto - 2013;SP;RAFARD;38;7.430;0,024
Agosto - 2013;SP;RANCHARIA;106;23.810;0,076
Agosto - 2013;SP;REDENÇÃO DA SERRA;314;3.869;0,012
Agosto - 2013;SP;REGENTE FEIJÓ;167;15.042;0,048
Agosto - 2013;SP;REGINÓPOLIS;95;4.499;0,014
Agosto - 2013;SP;REGISTRO;172;43.681;0,139
Agosto - 2013;SP;RESTINGA;240;6.139;0,020
Agosto - 2013;SP;RIBEIRA;10;2.903;0,009
Agosto - 2013;SP;RIBEIRÃO BONITO;107;8.738;0,028
Agosto - 2013;SP;RIBEIRÃO BRANCO;53;14.318;0,046
Agosto - 2013;SP;RIBEIRÃO CORRENTE;240;3.911;0,012
Agosto - 2013;SP;RIBEIRÃO DO SUL;313;3.746;0,012
Agosto - 2013;SP;RIBEIRÃO DOS ÍNDIOS;117;2.081;0,007
Agosto - 2013;SP;RIBEIRÃO GRANDE;37;6.623;0,021
Agosto - 2013;SP;RIBEIRÃO PIRES;183;63.508;0,202
Agosto - 2013;SP;RIBEIRÃO PIRES;382;24.196;0,077
Agosto - 2013;SP;RIBEIRÃO PRETO;108;40.722;0,130
Agosto - 2013;SP;RIBEIRÃO PRETO;265;37.152;0,118
Agosto - 2013;SP;RIBEIRÃO PRETO;266;95.228;0,303
Agosto - 2013;SP;RIBEIRÃO PRETO;293;68.423;0,218
Agosto - 2013;SP;RIBEIRÃO PRETO;305;82.389;0,263
Agosto - 2013;SP;RIBEIRÃO PRETO;322;95.353;0,304
Agosto - 2013;SP;RIFAINA;155;4.227;0,013
Agosto - 2013;SP;RINCÃO;239;7.887;0,025
Agosto - 2013;SP;RINÓPOLIS;184;7.634;0,024
Agosto - 2013;SP;RIO CLARO;110;74.138;0,236
Agosto - 2013;SP;RIO CLARO;288;64.606;0,206
Agosto - 2013;SP;RIO DAS PEDRAS;244;24.091;0,077
Agosto - 2013;SP;RIO GRANDE DA SERRA;382;33.296;0,106
Agosto - 2013;SP;RIOLÂNDIA;164;7.296;0,023
Agosto - 2013;SP;RIVERSUL;56;4.756;0,015
Agosto - 2013;SP;ROSANA;330;16.603;0,053
Agosto - 2013;SP;ROSEIRA;190;7.647;0,024
Agosto - 2013;SP;RUBIÁCEA;151;2.469;0,008
Agosto - 2013;SP;RUBINÉIA;187;2.672;0,009
Agosto - 2013;SP;SABINO;297;4.845;0,015
Agosto - 2013;SP;SAGRES;163;2.043;0,007
Agosto - 2013;SP;SALES;207;4.530;0,014
Agosto - 2013;SP;SALES OLIVEIRA;235;7.425;0,024
Agosto - 2013;SP;SALESÓPOLIS;112;14.616;0,047
Agosto - 2013;SP;SALMOURÃO;163;3.951;0,013
Agosto - 2013;SP;SALTINHO;270;6.015;0,019
Agosto - 2013;SP;SALTO;221;81.824;0,261
Agosto - 2013;SP;SALTO DE PIRAPORA;294;28.128;0,090
Agosto - 2013;SP;SALTO GRANDE;313;6.845;0,022
Agosto - 2013;SP;SANDOVALINA;261;3.463;0,011
Agosto - 2013;SP;SANTA ADÉLIA;111;11.602;0,037
Agosto - 2013;SP;SANTA ALBERTINA;152;4.741;0,015
Agosto - 2013;SP;SANTA BÁRBARA D'OESTE;186;134.965;0,430
Agosto - 2013;SP;SANTA BRANCA;112;11.916;0,038
Agosto - 2013;SP;SANTA CLARA D'OESTE;187;2.106;0,007
Agosto - 2013;SP;SANTA CRUZ DA CONCEIÇÃO;188;3.464;0,011
Agosto - 2013;SP;SANTA CRUZ DA ESPERANÇA;32;1.908;0,006
Agosto - 2013;SP;SANTA CRUZ DAS PALMEIRAS;113;22.337;0,071
Agosto - 2013;SP;SANTA CRUZ DO RIO PARDO;114;33.327;0,106
Agosto - 2013;SP;SANTA ERNESTINA;139;5.030;0,016
Agosto - 2013;SP;SANTA FÉ DO SUL;187;23.756;0,076
Agosto - 2013;SP;SANTA GERTRUDES;245;16.968;0,054
Agosto - 2013;SP;SANTA ISABEL;115;38.625;0,123
Agosto - 2013;SP;SANTA LÚCIA;239;7.932;0,025
Agosto - 2013;SP;SANTA MARIA DA SERRA;130;4.130;0,013
Agosto - 2013;SP;SANTA MERCEDES;175;2.593;0,008
Agosto - 2013;SP;SANTA RITA DO PASSA QUATRO;116;21.500;0,069
Agosto - 2013;SP;SANTA RITA D'OESTE;187;2.360;0,008
Agosto - 2013;SP;SANTA ROSA DE VITERBO;173;19.042;0,061
Agosto - 2013;SP;SANTA SALETE;152;1.503;0,005
Agosto - 2013;SP;SANTANA DA PONTE PENSA;187;1.540;0,005
Agosto - 2013;SP;SANTANA DE PARNAÍBA;386;73.101;0,233
Agosto - 2013;SP;SANTO ANASTÁCIO;117;16.983;0,054
Agosto - 2013;SP;SANTO ANDRÉ;156;22.278;0,071
Agosto - 2013;SP;SANTO ANDRÉ;262;82.866;0,264
Agosto - 2013;SP;SANTO ANDRÉ;263;61.680;0,197
Agosto - 2013;SP;SANTO ANDRÉ;264;39.044;0,124
Agosto - 2013;SP;SANTO ANDRÉ;306;32.086;0,102
Agosto - 2013;SP;SANTO ANDRÉ;307;83.321;0,266
Agosto - 2013;SP;SANTO ANDRÉ;308;43.112;0,137
Agosto - 2013;SP;SANTO ANDRÉ;309;41.927;0,134
Agosto - 2013;SP;SANTO ANDRÉ;321;52.057;0,166
Agosto - 2013;SP;SANTO ANDRÉ;383;94.457;0,301
Agosto - 2013;SP;SANTO ANTÔNIO DA ALEGRIA;202;5.931;0,019
Agosto - 2013;SP;SANTO ANTÔNIO DE POSSE;333;15.817;0,050
Agosto - 2013;SP;SANTO ANTÔNIO DO ARACANGUÁ;299;5.988;0,019
Agosto - 2013;SP;SANTO ANTÔNIO DO JARDIM;91;5.406;0,017
Agosto - 2013;SP;SANTO ANTÔNIO DO PINHAL;120;5.980;0,019
Agosto - 2013;SP;SANTO EXPEDITO;182;2.631;0,008
Agosto - 2013;SP;SANTÓPOLIS DO AGUAPEÍ;25;3.318;0,011
Agosto - 2013;SP;SANTOS;118;108.741;0,347
Agosto - 2013;SP;SANTOS;272;107.281;0,342
Agosto - 2013;SP;SANTOS;273;113.395;0,361
Agosto - 2013;SP;SÃO BENTO DO SAPUCAÍ;120;8.782;0,028
Agosto - 2013;SP;SÃO BERNARDO DO CAMPO;174;127.069;0,405
Agosto - 2013;SP;SÃO BERNARDO DO CAMPO;283;73.148;0,233
Agosto - 2013;SP;SÃO BERNARDO DO CAMPO;284;82.625;0,263
Agosto - 2013;SP;SÃO BERNARDO DO CAMPO;296;99.276;0,316
Agosto - 2013;SP;SÃO BERNARDO DO CAMPO;409;119.439;0,381
Agosto - 2013;SP;SÃO BERNARDO DO CAMPO;414;78.660;0,251
Agosto - 2013;SP;SÃO CAETANO DO SUL;166;55.384;0,177
Agosto - 2013;SP;SÃO CAETANO DO SUL;269;65.608;0,209
Agosto - 2013;SP;SÃO CARLOS;121;93.721;0,299
Agosto - 2013;SP;SÃO CARLOS;410;76.651;0,244
Agosto - 2013;SP;SÃO FRANCISCO;232;2.641;0,008
Agosto - 2013;SP;SÃO JOÃO DA BOA VISTA;122;65.724;0,209
Agosto - 2013;SP;SÃO JOÃO DAS DUAS PONTES;233;2.398;0,008
Agosto - 2013;SP;SÃO JOÃO DE IRACEMA;168;1.623;0,005
Agosto - 2013;SP;SÃO JOÃO DO PAU D'ALHO;175;1.860;0,006
Agosto - 2013;SP;SÃO JOAQUIM DA BARRA;123;35.354;0,113
Agosto - 2013;SP;SÃO JOSÉ DA BELA VISTA;240;7.302;0,023
Agosto - 2013;SP;SÃO JOSÉ DO BARREIRO;18;3.537;0,011
Agosto - 2013;SP;SÃO JOSÉ DO RIO PARDO;124;41.015;0,131
Agosto - 2013;SP;SÃO JOSÉ DO RIO PRETO;125;29.013;0,092
Agosto - 2013;SP;SÃO JOSÉ DO RIO PRETO;267;131.649;0,420
Agosto - 2013;SP;SÃO JOSÉ DO RIO PRETO;268;78.540;0,250
Agosto - 2013;SP;SÃO JOSÉ DO RIO PRETO;312;65.389;0,208
Agosto - 2013;SP;SÃO JOSÉ DOS CAMPOS;127;111.188;0,354
Agosto - 2013;SP;SÃO JOSÉ DOS CAMPOS;282;72.981;0,233
Agosto - 2013;SP;SÃO JOSÉ DOS CAMPOS;411;125.998;0,402
Agosto - 2013;SP;SÃO JOSÉ DOS CAMPOS;412;149.859;0,478
Agosto - 2013;SP;SÃO LOURENÇO DA SERRA;201;10.990;0,035
Agosto - 2013;SP;SÃO LUÍS DO PARAITINGA;128;9.616;0,031
Agosto - 2013;SP;SÃO MANUEL;129;30.159;0,096
Agosto - 2013;SP;SÃO MIGUEL ARCANJO;318;24.349;0,078
Agosto - 2013;SP;SÃO PAULO;1;169.543;0,540
Agosto - 2013;SP;SÃO PAULO;2;171.851;0,548
Agosto - 2013;SP;SÃO PAULO;3;82.529;0,263
Agosto - 2013;SP;SÃO PAULO;4;160.132;0,510
Agosto - 2013;SP;SÃO PAULO;5;126.861;0,404
Agosto - 2013;SP;SÃO PAULO;6;155.526;0,496
Agosto - 2013;SP;SÃO PAULO;20;131.563;0,419
Agosto - 2013;SP;SÃO PAULO;246;120.141;0,383
Agosto - 2013;SP;SÃO PAULO;247;113.835;0,363
Agosto - 2013;SP;SÃO PAULO;248;149.970;0,478
Agosto - 2013;SP;SÃO PAULO;249;122.238;0,390
Agosto - 2013;SP;SÃO PAULO;250;163.939;0,522
Agosto - 2013;SP;SÃO PAULO;251;117.248;0,374
Agosto - 2013;SP;SÃO PAULO;252;117.636;0,375
Agosto - 2013;SP;SÃO PAULO;253;217.973;0,695
Agosto - 2013;SP;SÃO PAULO;254;158.926;0,507
Agosto - 2013;SP;SÃO PAULO;255;190.653;0,608
Agosto - 2013;SP;SÃO PAULO;256;171.711;0,547
Agosto - 2013;SP;SÃO PAULO;257;181.232;0,578
Agosto - 2013;SP;SÃO PAULO;258;192.975;0,615
Agosto - 2013;SP;SÃO PAULO;259;149.351;0,476
Agosto - 2013;SP;SÃO PAULO;260;181.049;0,577
Agosto - 2013;SP;SÃO PAULO;280;168.836;0,538
Agosto - 2013;SP;SÃO PAULO;320;181.006;0,577
Agosto - 2013;SP;SÃO PAULO;325;103.525;0,330
Agosto - 2013;SP;SÃO PAULO;326;108.304;0,345
Agosto - 2013;SP;SÃO PAULO;327;115.140;0,367
Agosto - 2013;SP;SÃO PAULO;328;152.687;0,487
Agosto - 2013;SP;SÃO PAULO;346;132.125;0,421
Agosto - 2013;SP;SÃO PAULO;347;167.674;0,534
Agosto - 2013;SP;SÃO PAULO;348;103.593;0,330
Agosto - 2013;SP;SÃO PAULO;349;123.393;0,393
Agosto - 2013;SP;SÃO PAULO;350;133.894;0,427
Agosto - 2013;SP;SÃO PAULO;351;131.153;0,418
Agosto - 2013;SP;SÃO PAULO;352;194.401;0,620
Agosto - 2013;SP;SÃO PAULO;353;156.260;0,498
Agosto - 2013;SP;SÃO PAULO;371;177.144;0,565
Agosto - 2013;SP;SÃO PAULO;372;233.471;0,744
Agosto - 2013;SP;SÃO PAULO;373;129.249;0,412
Agosto - 2013;SP;SÃO PAULO;374;223.276;0,712
Agosto - 2013;SP;SÃO PAULO;375;231.594;0,738
Agosto - 2013;SP;SÃO PAULO;376;225.834;0,720
Agosto - 2013;SP;SÃO PAULO;381;193.215;0,616
Agosto - 2013;SP;SÃO PAULO;389;154.836;0,493
Agosto - 2013;SP;SÃO PAULO;390;112.115;0,357
Agosto - 2013;SP;SÃO PAULO;392;121.359;0,387
Agosto - 2013;SP;SÃO PAULO;397;143.418;0,457
Agosto - 2013;SP;SÃO PAULO;398;97.241;0,310
Agosto - 2013;SP;SÃO PAULO;403;87.692;0,279
Agosto - 2013;SP;SÃO PAULO;404;158.004;0,504
Agosto - 2013;SP;SÃO PAULO;405;97.595;0,311
Agosto - 2013;SP;SÃO PAULO;408;134.236;0,428
Agosto - 2013;SP;SÃO PAULO;413;130.818;0,417
Agosto - 2013;SP;SÃO PAULO;417;111.831;0,356
Agosto - 2013;SP;SÃO PAULO;418;165.744;0,528
Agosto - 2013;SP;SÃO PAULO;420;123.260;0,393
Agosto - 2013;SP;SÃO PAULO;421;130.570;0,416
Agosto - 2013;SP;SÃO PAULO;422;127.614;0,407
Agosto - 2013;SP;SÃO PEDRO;130;24.703;0,079
Agosto - 2013;SP;SÃO PEDRO DO TURVO;114;5.425;0,017
Agosto - 2013;SP;SÃO ROQUE;131;55.671;0,177
Agosto - 2013;SP;SÃO SEBASTIÃO;132;56.066;0,179
Agosto - 2013;SP;SÃO SEBASTIÃO DA GRAMA;366;9.401;0,030
Agosto - 2013;SP;SÃO SIMÃO;133;11.622;0,037
Agosto - 2013;SP;SÃO VICENTE;177;98.417;0,314
Agosto - 2013;SP;SÃO VICENTE;340;152.181;0,485
Agosto - 2013;SP;SARAPUÍ;52;7.027;0,022
Agosto - 2013;SP;SARUTAIÁ;94;3.316;0,011
Agosto - 2013;SP;SEBASTIANÓPOLIS DO SUL;77;2.866;0,009
Agosto - 2013;SP;SERRA AZUL;193;6.762;0,022
Agosto - 2013;SP;SERRA NEGRA;134;21.574;0,069
Agosto - 2013;SP;SERRANA;109;30.030;0,096
Agosto - 2013;SP;SERTÃOZINHO;135;84.711;0,270
Agosto - 2013;SP;SETE BARRAS;172;11.223;0,036
Agosto - 2013;SP;SEVERÍNIA;80;12.235;0,039
Agosto - 2013;SP;SILVEIRAS;145;5.239;0,017
Agosto - 2013;SP;SOCORRO;136;28.575;0,091
Agosto - 2013;SP;SOROCABA;137;53.487;0,170
Agosto - 2013;SP;SOROCABA;271;81.248;0,259
Agosto - 2013;SP;SOROCABA;342;77.762;0,248
Agosto - 2013;SP;SOROCABA;343;72.719;0,232
Agosto - 2013;SP;SOROCABA;356;50.077;0,160
Agosto - 2013;SP;SOROCABA;357;94.720;0,302
Agosto - 2013;SP;SUD MENNUCCI;88;6.288;0,020
Agosto - 2013;SP;SUMARÉ;230;65.252;0,208
Agosto - 2013;SP;SUMARÉ;362;101.191;0,323
Agosto - 2013;SP;SUZANÁPOLIS;88;2.790;0,009
Agosto - 2013;SP;SUZANO;181;105.682;0,337
Agosto - 2013;SP;SUZANO;415;92.328;0,294
Agosto - 2013;SP;TABAPUÃ;179;9.041;0,029
Agosto - 2013;SP;TABATINGA;49;11.657;0,037
Agosto - 2013;SP;TABOÃO DA SERRA;324;86.126;0,274
Agosto - 2013;SP;TABOÃO DA SERRA;416;107.529;0,343
Agosto - 2013;SP;TACIBA;167;5.001;0,016
Agosto - 2013;SP;TAGUAÍ;234;8.197;0,026
Agosto - 2013;SP;TAIAÇU;61;4.765;0,015
Agosto - 2013;SP;TAIÚVA;61;4.793;0,015
Agosto - 2013;SP;TAMBAÚ;198;17.064;0,054
Agosto - 2013;SP;TANABI;138;19.936;0,064
Agosto - 2013;SP;TAPIRAÍ;89;6.512;0,021
Agosto - 2013;SP;TAPIRATIBA;30;10.293;0,033
Agosto - 2013;SP;TAQUARAL;98;2.231;0,007
Agosto - 2013;SP;TAQUARITINGA;139;39.745;0,127
Agosto - 2013;SP;TAQUARITUBA;236;18.292;0,058
Agosto - 2013;SP;TAQUARIVAÍ;53;4.809;0,015
Agosto - 2013;SP;TARABAI;261;5.452;0,017
Agosto - 2013;SP;TARUMÃ;15;10.551;0,034
Agosto - 2013;SP;TATUÍ;140;79.915;0,255
Agosto - 2013;SP;TAUBATÉ;141;88.774;0,283
Agosto - 2013;SP;TAUBATÉ;407;125.667;0,401
Agosto - 2013;SP;TEJUPÁ;94;4.093;0,013
Agosto - 2013;SP;TEODORO SAMPAIO;330;16.397;0,052
Agosto - 2013;SP;TERRA ROXA;203;6.883;0,022
Agosto - 2013;SP;TIETÊ;142;27.661;0,088
Agosto - 2013;SP;TIMBURI;94;2.515;0,008
Agosto - 2013;SP;TORRE DE PEDRA;140;2.618;0,008
Agosto - 2013;SP;TORRINHA;28;7.354;0,023
Agosto - 2013;SP;TRABIJU;107;1.494;0,005
Agosto - 2013;SP;TREMEMBÉ;314;23.935;0,076
Agosto - 2013;SP;TRÊS FRONTEIRAS;187;4.733;0,015
Agosto - 2013;SP;TUIUTI;298;5.053;0,016
Agosto - 2013;SP;TUPÃ;143;50.166;0,160
Agosto - 2013;SP;TUPI PAULISTA;175;10.882;0,035
Agosto - 2013;SP;TURIÚBA;214;1.676;0,005
Agosto - 2013;SP;TURMALINA;233;1.927;0,006
Agosto - 2013;SP;UBARANA;64;4.329;0,014
Agosto - 2013;SP;UBATUBA;144;61.182;0,195
Agosto - 2013;SP;UBIRAJARA;159;3.568;0,011
Agosto - 2013;SP;UCHOA;126;8.016;0,026
Agosto - 2013;SP;UNIÃO PAULISTA;77;1.897;0,006
Agosto - 2013;SP;URÂNIA;152;6.601;0,021
Agosto - 2013;SP;URU;95;1.451;0,005
Agosto - 2013;SP;URUPÊS;207;10.359;0,033
Agosto - 2013;SP;VALENTIM GENTIL;147;8.962;0,029
Agosto - 2013;SP;VALINHOS;34;82.160;0,262
Agosto - 2013;SP;VALPARAÍSO;146;15.580;0,050
Agosto - 2013;SP;VARGEM;298;7.050;0,022
Agosto - 2013;SP;VARGEM GRANDE DO SUL;229;30.009;0,096
Agosto - 2013;SP;VARGEM GRANDE PAULISTA;286;33.396;0,106
Agosto - 2013;SP;VÁRZEA PAULISTA;242;80.657;0,257
Agosto - 2013;SP;VERA CRUZ;180;8.773;0,028
Agosto - 2013;SP;VINHEDO;345;53.858;0,172
Agosto - 2013;SP;VIRADOURO;203;13.800;0,044
Agosto - 2013;SP;VISTA ALEGRE DO ALTO;76;5.160;0,016
Agosto - 2013;SP;VITÓRIA BRASIL;152;1.567;0,005
Agosto - 2013;SP;VOTORANTIM;220;82.662;0,263
Agosto - 2013;SP;VOTUPORANGA;147;66.581;0,212
Agosto - 2013;SP;ZACARIAS;214;2.372;0,008
